Iteration,Set,Data,Exec_time,Tree_height,Tree_type,Avg exec time
2,1,1,0.0,8,rbt,0.000000
2,1,2,0.003375,11,rbt,0.003375
2,1,3,0.014947,16,rbt,0.014947
2,2,1,0.00055,16,rbt,0.000550
2,2,2,0.001,16,rbt,0.001000
2,2,3,0.012652,16,rbt,0.012652
